repository,url,stars,forks,language,owner,infected_files
neutralinojs/neutralinojs,https://github.com/neutralinojs/neutralinojs,8370,490,C++,neutralinojs,spec/runner.js
neutralinojs/neutralino.js,https://github.com/neutralinojs/neutralino.js,332,29,TypeScript,neutralinojs,.env|src/index.ts|package.json
neutralinojs/neutralinojs.github.io,https://github.com/neutralinojs/neutralinojs.github.io,257,97,JavaScript,neutralinojs,babel.config.js
neutralinojs/neutralinojs-cli,https://github.com/neutralinojs/neutralinojs-cli,113,17,JavaScript,neutralinojs,src/constants.js
PratikRaval123/DemoTask,https://github.com/PratikRaval123/DemoTask,15,1,JavaScript,PratikRaval123,tailwind.config.cjs
Victorola-coder/tewo,https://github.com/Victorola-coder/tewo,9,6,TypeScript,Victorola-coder,tailwind.config.js
Kreliannn/Document-Request-System-FRONTEND,https://github.com/Kreliannn/Document-Request-System-FRONTEND,8,1,JavaScript,Kreliannn,postcss.config.mjs
sparktechagency/Vap-shop-Front-End-,https://github.com/sparktechagency/Vap-shop-Front-End-,7,0,TypeScript,sparktechagency,postcss.config.mjs
Kreliannn/PDF-To-Reviewer-Quiz-FRONTEND,https://github.com/Kreliannn/PDF-To-Reviewer-Quiz-FRONTEND,7,0,TypeScript,Kreliannn,postcss.config.mjs
Codechef-VITC-Student-Chapter/Club-Integration-and-Management-Platform,https://github.com/Codechef-VITC-Student-Chapter/Club-Integration-and-Management-Platform,6,11,TypeScript,Codechef-VITC-Student-Chapter,Client/postcss.config.mjs
vellum-labs/cexplorer-api,https://github.com/vellum-labs/cexplorer-api,5,0,TypeScript,vellum-labs,packages/cexplorer-api/.eslintrc.cjs
Kreliannn/student-passed-rate-analysis-frontend,https://github.com/Kreliannn/student-passed-rate-analysis-frontend,5,0,TypeScript,Kreliannn,postcss.config.mjs
tanushbhootra576/turbo-happiness,https://github.com/tanushbhootra576/turbo-happiness,4,0,TypeScript,tanushbhootra576,postcss.config.mjs
tanushbhootra576/RESTRO,https://github.com/tanushbhootra576/RESTRO,4,0,JavaScript,tanushbhootra576,tailwind.config.js
tanushbhootra576/PWA_RESTRO,https://github.com/tanushbhootra576/PWA_RESTRO,4,0,JavaScript,tanushbhootra576,vite.config.js
tanushbhootra576/MoodSync,https://github.com/tanushbhootra576/MoodSync,4,0,JavaScript,tanushbhootra576,App.js
tanushbhootra576/game,https://github.com/tanushbhootra576/game,4,0,JavaScript,tanushbhootra576,postcss.config.mjs
tanushbhootra576/Bionary-Website-Challenge-and-final,https://github.com/tanushbhootra576/Bionary-Website-Challenge-and-final,4,2,JavaScript,tanushbhootra576,bionary_website/tailwind.config.js
Nathanim1919/portfolio-v2,https://github.com/Nathanim1919/portfolio-v2,4,0,TypeScript,Nathanim1919,postcss.config.mjs
brown2020/ikigaifinder,https://github.com/brown2020/ikigaifinder,4,1,TypeScript,brown2020,postcss.config.mjs
Atik203/Scholar-Flow,https://github.com/Atik203/Scholar-Flow,4,4,TypeScript,Atik203,apps/frontend/postcss.config.mjs
Yassin-Younis/bypass-in-app-browser,https://github.com/Yassin-Younis/bypass-in-app-browser,3,0,JavaScript,Yassin-Younis,next.config.mjs
SoftySkills/quiz_app,https://github.com/SoftySkills/quiz_app,3,0,TypeScript,SoftySkills,postcss.config.mjs
JudeTejada/Quick-Links,https://github.com/JudeTejada/Quick-Links,3,0,JavaScript,JudeTejada,eslint.config.js
dawahanigeria-team/rayyan-server,https://github.com/dawahanigeria-team/rayyan-server,3,0,TypeScript,dawahanigeria-team,eslint.config.mjs
coderkhalide/Trading-Journal,https://github.com/coderkhalide/Trading-Journal,3,1,TypeScript,coderkhalide,postcss.config.mjs
ahmadraza382/FinanceAi,https://github.com/ahmadraza382/FinanceAi,3,1,JavaScript,ahmadraza382,tailwind.config.js
Lithira-Silva/TrueClaim---ITPM-,https://github.com/Lithira-Silva/TrueClaim---ITPM-,2,0,TypeScript,Lithira-Silva,client/postcss.config.mjs
coderkhalide/Anti-Detect-Browser,https://github.com/coderkhalide/Anti-Detect-Browser,2,4,JavaScript,coderkhalide,src/renderer/tailwind.config.js
Atik203/Atik203.github.io,https://github.com/Atik203/Atik203.github.io,2,0,TypeScript,Atik203,tailwind.config.js
AbdulwahidHusein/Shipper-chat,https://github.com/AbdulwahidHusein/Shipper-chat,2,0,TypeScript,AbdulwahidHusein,frontend/postcss.config.mjs
WimpyvL/Zappy-Health-Dashboard,https://github.com/WimpyvL/Zappy-Health-Dashboard,1,0,TypeScript,WimpyvL,postcss.config.mjs
WeerasingheMSC/ASMS_Frontend,https://github.com/WeerasingheMSC/ASMS_Frontend,1,4,TypeScript,WeerasingheMSC,asms_frontend/postcss.config.mjs
web-ghoul/AlCazar,https://github.com/web-ghoul/AlCazar,1,0,JavaScript,web-ghoul,server/routes/admin.js
VplayProCrypto/mvp_vercel,https://github.com/VplayProCrypto/mvp_vercel,1,0,TypeScript,VplayProCrypto,tailwind.config.js
usman-174/VidSpark,https://github.com/usman-174/VidSpark,1,0,TypeScript,usman-174,client/tailwind.config.js
Umbrelabs-Projects/Procobiz,https://github.com/Umbrelabs-Projects/Procobiz,1,0,TypeScript,Umbrelabs-Projects,postcss.config.mjs
umarabid123/The_INTERNET_OF_AGENTS_HACKATHON,https://github.com/umarabid123/The_INTERNET_OF_AGENTS_HACKATHON,1,2,TypeScript,umarabid123,frontend/postcss.config.mjs
The-Extra-Project/Extra_surface_repo,https://github.com/The-Extra-Project/Extra_surface_repo,1,0,C++,The-Extra-Project,frontend/postcss.config.mjs
SouravDn-p/RexAuction,https://github.com/SouravDn-p/RexAuction,1,0,JavaScript,SouravDn-p,tailwind.config.js
SouravDn-p/mobile-canvas-nextjs,https://github.com/SouravDn-p/mobile-canvas-nextjs,1,1,JavaScript,SouravDn-p,postcss.config.mjs
ShifaLabs/shifa,https://github.com/ShifaLabs/shifa,1,1,JavaScript,ShifaLabs,postcss.config.mjs
Ruwanima/ella-south-star-frontend,https://github.com/Ruwanima/ella-south-star-frontend,1,0,TypeScript,Ruwanima,postcss.config.mjs
RinSanom/IoTWeb,https://github.com/RinSanom/IoTWeb,1,1,TypeScript,RinSanom,postcss.config.mjs
ranjannkumar/Food-Delivery-App,https://github.com/ranjannkumar/Food-Delivery-App,1,0,JavaScript,ranjannkumar,admin/.eslintrc.cjs
NatyJoseDie/proyecto-nginx,https://github.com/NatyJoseDie/proyecto-nginx,1,0,TypeScript,NatyJoseDie,eslint.config.mjs
muhammad-tahir-sultan/rehman-fyp-nextjs-multivendor,https://github.com/muhammad-tahir-sultan/rehman-fyp-nextjs-multivendor,1,0,TypeScript,muhammad-tahir-sultan,postcss.config.mjs
MIS-Silekta/silekta-frontend,https://github.com/MIS-Silekta/silekta-frontend,1,3,JavaScript,MIS-Silekta,postcss.config.mjs
Kvit-Dm/RammSound,https://github.com/Kvit-Dm/RammSound,1,0,JavaScript,Kvit-Dm,webpack.config.js
KeniKT/machinery_management_system,https://github.com/KeniKT/machinery_management_system,1,1,EJS,KeniKT,db.js
kanchana404/Google-bussiness-api-Get-reviews-and-Reply-reviews,https://github.com/kanchana404/Google-bussiness-api-Get-reviews-and-Reply-reviews,1,1,TypeScript,kanchana404,postcss.config.mjs
ifedolapoomoniyi/fleet-robotics,https://github.com/ifedolapoomoniyi/fleet-robotics,1,0,JavaScript,ifedolapoomoniyi,postcss.config.mjs
FSDTeam-SAA/cstrat_frontend,https://github.com/FSDTeam-SAA/cstrat_frontend,1,1,TypeScript,FSDTeam-SAA,postcss.config.mjs
CODECUBE-001/liteweb-landing,https://github.com/CODECUBE-001/liteweb-landing,1,0,TypeScript,CODECUBE-001,tailwind.config.cjs
Ayesha-Siddiqui1234/katy-youth-hackathon-2025-dev-post-,https://github.com/Ayesha-Siddiqui1234/katy-youth-hackathon-2025-dev-post-,1,0,JavaScript,Ayesha-Siddiqui1234,frontend/postcss.config.mjs
Automobile-System/frontend,https://github.com/Automobile-System/frontend,1,0,TypeScript,Automobile-System,postcss.config.mjs
Atik203/VocabPrep,https://github.com/Atik203/VocabPrep,1,0,TypeScript,Atik203,frontend/postcss.config.mjs
amMubbasher/shop.ceenami.com,https://github.com/amMubbasher/shop.ceenami.com,1,0,JavaScript,amMubbasher,server/routes/userRoutes.js
AKDebug-UX/whatsapp-bot-master,https://github.com/AKDebug-UX/whatsapp-bot-master,1,0,JavaScript,AKDebug-UX,config.js
AKDebug-UX/DoneWithIt,https://github.com/AKDebug-UX/DoneWithIt,1,0,JavaScript,AKDebug-UX,App.js
AKDebug-UX/challengePR,https://github.com/AKDebug-UX/challengePR,1,0,TypeScript,AKDebug-UX,postcss.config.mjs
AhmadRazaKhokhar1/resturants-app,https://github.com/AhmadRazaKhokhar1/resturants-app,1,0,TypeScript,AhmadRazaKhokhar1,postcss.config.mjs
ahmadraza382/Portfolio,https://github.com/ahmadraza382/Portfolio,1,0,JavaScript,ahmadraza382,postcss.config.mjs
ahmadraza382/Luxeurs-Shopping-Store,https://github.com/ahmadraza382/Luxeurs-Shopping-Store,1,0,JavaScript,ahmadraza382,postcss.config.mjs
ahmadraza382/Hospital-management-system,https://github.com/ahmadraza382/Hospital-management-system,1,0,JavaScript,ahmadraza382,postcss.config.mjs
Adharshms/miniproject,https://github.com/Adharshms/miniproject,1,1,JavaScript,Adharshms,server/controllers/authController.js
AbdulwahidHusein/portfolio-1,https://github.com/AbdulwahidHusein/portfolio-1,1,0,Astro,AbdulwahidHusein,astro.config.mjs
Abdulbasit219/UPSkaleAI,https://github.com/Abdulbasit219/UPSkaleAI,1,0,JavaScript,Abdulbasit219,postcss.config.mjs
Zentaurios/stable-monitor,https://github.com/Zentaurios/stable-monitor,0,0,TypeScript,Zentaurios,postcss.config.mjs
zaheerahmad92001/pettro,https://github.com/zaheerahmad92001/pettro,0,0,TypeScript,zaheerahmad92001,postcss.config.mjs
Yashpreetrana4790/Bestvocabulary_platform,https://github.com/Yashpreetrana4790/Bestvocabulary_platform,0,0,JavaScript,Yashpreetrana4790,postcss.config.mjs
wolfstudiosai/frontend_wolfstudios,https://github.com/wolfstudiosai/frontend_wolfstudios,0,0,JavaScript,wolfstudiosai,next.config.mjs
wolfstudiosai/braxx-frontend-v2,https://github.com/wolfstudiosai/braxx-frontend-v2,0,0,TypeScript,wolfstudiosai,postcss.config.mjs
WeOwnNetwork/EthDenver-submission,https://github.com/WeOwnNetwork/EthDenver-submission,0,0,TypeScript,WeOwnNetwork,apps/web/postcss.config.mjs
WeOwnAiAgents-Hackerhouse/WeOwnAiAgent,https://github.com/WeOwnAiAgents-Hackerhouse/WeOwnAiAgent,0,0,TypeScript,WeOwnAiAgents-Hackerhouse,postcss.config.mjs
web-ghoul/movie-app,https://github.com/web-ghoul/movie-app,0,0,JavaScript,web-ghoul,tailwind.config.js
wasi2320/ctk-new,https://github.com/wasi2320/ctk-new,0,0,TypeScript,wasi2320,postcss.config.mjs
Wasee-Ur-Rehman/DarziXpress,https://github.com/Wasee-Ur-Rehman/DarziXpress,0,0,JavaScript,Wasee-Ur-Rehman,client/tailwind.config.js
wahab3913/kalibar-manger1,https://github.com/wahab3913/kalibar-manger1,0,0,TypeScript,wahab3913,postcss.config.mjs
wahab3913/kalibar-m2,https://github.com/wahab3913/kalibar-m2,0,0,TypeScript,wahab3913,postcss.config.mjs
wahab3913/kalibar,https://github.com/wahab3913/kalibar,0,0,TypeScript,wahab3913,postcss.config.mjs
vrunda310/AIA-VEGA-Frontend,https://github.com/vrunda310/AIA-VEGA-Frontend,0,0,JavaScript,vrunda310,frontend/postcss.config.mjs
Vladyslav0060/gdocs-clone,https://github.com/Vladyslav0060/gdocs-clone,0,0,TypeScript,Vladyslav0060,server/routes/auth.js
Vladyslav0060/autopartner,https://github.com/Vladyslav0060/autopartner,0,0,TypeScript,Vladyslav0060,postcss.config.mjs
VALENSAPP/coin_backend,https://github.com/VALENSAPP/coin_backend,0,1,TypeScript,VALENSAPP,eslint.config.mjs
UzairOrganization/allTask,https://github.com/UzairOrganization/allTask,0,2,JavaScript,UzairOrganization,postcss.config.mjs
UzairAhmedDahraj/clickup-nextjs-demo,https://github.com/UzairAhmedDahraj/clickup-nextjs-demo,0,0,TypeScript,UzairAhmedDahraj,postcss.config.mjs
UsmanKhan172014/stock-market-tickers,https://github.com/UsmanKhan172014/stock-market-tickers,0,0,JavaScript,UsmanKhan172014,next.config.mjs
usman-174/form-pdf,https://github.com/usman-174/form-pdf,0,0,JavaScript,usman-174,postcss.config.mjs
Usamahafiz8/ios-refferal-to-clipboard,https://github.com/Usamahafiz8/ios-refferal-to-clipboard,0,0,TypeScript,Usamahafiz8,postcss.config.cjs
Usamahafiz8/CCMB,https://github.com/Usamahafiz8/CCMB,0,0,TypeScript,Usamahafiz8,.eslintrc.cjs
umrasghar/heygen-demo,https://github.com/umrasghar/heygen-demo,0,0,TypeScript,umrasghar,postcss.config.mjs
Umbrelabs-Projects/Hostella-superAdmin,https://github.com/Umbrelabs-Projects/Hostella-superAdmin,0,0,TypeScript,Umbrelabs-Projects,postcss.config.mjs
Umbrelabs-Projects/Hostella-stu,https://github.com/Umbrelabs-Projects/Hostella-stu,0,0,TypeScript,Umbrelabs-Projects,postcss.config.mjs
Umbrelabs-Projects/Hostella-admin,https://github.com/Umbrelabs-Projects/Hostella-admin,0,0,TypeScript,Umbrelabs-Projects,postcss.config.mjs
umarabid123/store-forge,https://github.com/umarabid123/store-forge,0,0,TypeScript,umarabid123,frontend/postcss.config.mjs
umarabid123/Raise-Your-Hack,https://github.com/umarabid123/Raise-Your-Hack,0,0,TypeScript,umarabid123,frontend/postcss.config.mjs
um8r/bridge-master-fyp,https://github.com/um8r/bridge-master-fyp,0,0,JavaScript,um8r,postcss.config.mjs
trobits/trobits-frontend,https://github.com/trobits/trobits-frontend,0,0,TypeScript,trobits,postcss.config.mjs
tricodenetwork/lock-up,https://github.com/tricodenetwork/lock-up,0,0,TypeScript,tricodenetwork,frontend/postcss.config.mjs
TranDoanKhoe/Velvere,https://github.com/TranDoanKhoe/Velvere,0,0,TypeScript,TranDoanKhoe,src/components_bonus/components_from_internet/postcss.config.mjs|src/components_bonus/my-calendar/postcss.config.mjs|src/components_bonus/my-card/postcss.config.mjs|src/components_bonus/my-input/postcss.config.mjs|src/components_bonus/my-popover/postcss.config.mjs
TimothyBabatu13/TokenMind,https://github.com/TimothyBabatu13/TokenMind,0,0,TypeScript,TimothyBabatu13,token-mind/postcss.config.mjs
TimothyBabatu13/Stampchain,https://github.com/TimothyBabatu13/Stampchain,0,0,TypeScript,TimothyBabatu13,stamp-chain/postcss.config.mjs
Tiewasters99/AI_Law_Wizard,https://github.com/Tiewasters99/AI_Law_Wizard,0,1,TypeScript,Tiewasters99,postcss.config.mjs
theeurbanlegend/Hackathon-Submission,https://github.com/theeurbanlegend/Hackathon-Submission,0,0,TypeScript,theeurbanlegend,client/postcss.config.mjs
teresagrobecker/pensio_consortia,https://github.com/teresagrobecker/pensio_consortia,0,0,TypeScript,teresagrobecker,frontend/postcss.config.mjs
TechSolutionor98/graba2z,https://github.com/TechSolutionor98/graba2z,0,0,HTML,TechSolutionor98,website/backend/routes/payments.js
TechExpert1/Proper-Shot,https://github.com/TechExpert1/Proper-Shot,0,0,JavaScript,TechExpert1,controllers/notificationcontroller.js
tanushka1726/react_next,https://github.com/tanushka1726/react_next,0,0,TypeScript,tanushka1726,postcss.config.mjs
talhamajid02/chat-app,https://github.com/talhamajid02/chat-app,0,0,JavaScript,talhamajid02,frontend/.eslintrc.cjs
tactionsoft/app-cost-frontend,https://github.com/tactionsoft/app-cost-frontend,0,0,JavaScript,tactionsoft,src/App.js
syed-zaeem/fyp-frontend,https://github.com/syed-zaeem/fyp-frontend,0,0,JavaScript,syed-zaeem,Project Frontend/tailwind.config.js
SumaiyaNishat/ticket-booking-platform-server,https://github.com/SumaiyaNishat/ticket-booking-platform-server,0,0,JavaScript,SumaiyaNishat,index.js
Storaboy11/meerge,https://github.com/Storaboy11/meerge,0,0,TypeScript,Storaboy11,api/routes/auth.js|postcss.config.mjs
splinxplanet/splinx-planet-backend,https://github.com/splinxplanet/splinx-planet-backend,0,0,JavaScript,splinxplanet,index.js
sparktechagency/u_tee_hub,https://github.com/sparktechagency/u_tee_hub,0,0,JavaScript,sparktechagency,tailwind.config.js
sparktechagency/silicon-zisan-website,https://github.com/sparktechagency/silicon-zisan-website,0,0,TypeScript,sparktechagency,postcss.config.mjs
sparktechagency/profitable-website-v2,https://github.com/sparktechagency/profitable-website-v2,0,0,JavaScript,sparktechagency,postcss.config.mjs
sparktechagency/nskustoms_custom_game_site-2.0,https://github.com/sparktechagency/nskustoms_custom_game_site-2.0,0,0,TypeScript,sparktechagency,postcss.config.mjs
sparktechagency/jonowoods-website,https://github.com/sparktechagency/jonowoods-website,0,0,JavaScript,sparktechagency,postcss.config.mjs
sparktechagency/faceAi-front-end,https://github.com/sparktechagency/faceAi-front-end,0,0,TypeScript,sparktechagency,postcss.config.mjs
sparktechagency/consult_dashboard,https://github.com/sparktechagency/consult_dashboard,0,0,JavaScript,sparktechagency,postcss.config.mjs
sparktechagency/betopia-website,https://github.com/sparktechagency/betopia-website,0,0,TypeScript,sparktechagency,postcss.config.mjs
sparktechagency/anyjob-web,https://github.com/sparktechagency/anyjob-web,0,0,TypeScript,sparktechagency,postcss.config.mjs
sparktechagency/any-job-dashboard,https://github.com/sparktechagency/any-job-dashboard,0,0,JavaScript,sparktechagency,postcss.config.mjs
spacecode-library/nurse-nest,https://github.com/spacecode-library/nurse-nest,0,0,TypeScript,spacecode-library,tailwind.config.js
SouravDn-p/Scribe-AI-Powered-Note-Taking-App,https://github.com/SouravDn-p/Scribe-AI-Powered-Note-Taking-App,0,0,TypeScript,SouravDn-p,postcss.config.mjs
SouravDn-p/rex-auction-server-side,https://github.com/SouravDn-p/rex-auction-server-side,0,0,JavaScript,SouravDn-p,index.js
SouravDn-p/PathFinder---Smarter-Admissions-Simpler-Bookings,https://github.com/SouravDn-p/PathFinder---Smarter-Admissions-Simpler-Bookings,0,0,JavaScript,SouravDn-p,postcss.config.mjs
SouravDn-p/NextManager-YourInventoryManager,https://github.com/SouravDn-p/NextManager-YourInventoryManager,0,0,JavaScript,SouravDn-p,postcss.config.mjs
SouravDn-p/NextManager-YourInventory-Manager,https://github.com/SouravDn-p/NextManager-YourInventory-Manager,0,0,JavaScript,SouravDn-p,postcss.config.mjs
SouravDn-p/NestJs-Template,https://github.com/SouravDn-p/NestJs-Template,0,0,TypeScript,SouravDn-p,eslint.config.mjs
SouravDn-p/multi-form-transaction,https://github.com/SouravDn-p/multi-form-transaction,0,0,TypeScript,SouravDn-p,postcss.config.mjs
SouravDn-p/Frontend-task,https://github.com/SouravDn-p/Frontend-task,0,0,JavaScript,SouravDn-p,postcss.config.mjs
SouravDn-p/CMR,https://github.com/SouravDn-p/CMR,0,0,JavaScript,SouravDn-p,postcss.config.mjs
SouravDn-p/authjs-next-authentications,https://github.com/SouravDn-p/authjs-next-authentications,0,0,JavaScript,SouravDn-p,postcss.config.mjs
SouravDn-p/Advance-HealthCare-Next-Level-of-Smarter-Better-Health,https://github.com/SouravDn-p/Advance-HealthCare-Next-Level-of-Smarter-Better-Health,0,0,TypeScript,SouravDn-p,postcss.config.mjs
softvence-omega-future-stack/lawalx_frontend,https://github.com/softvence-omega-future-stack/lawalx_frontend,0,0,TypeScript,softvence-omega-future-stack,postcss.config.mjs
softvence-omega-future-stack/kilian-rodhe-last-,https://github.com/softvence-omega-future-stack/kilian-rodhe-last-,0,0,TypeScript,softvence-omega-future-stack,postcss.config.mjs
softvence-omega-future-stack/huss-be,https://github.com/softvence-omega-future-stack/huss-be,0,0,TypeScript,softvence-omega-future-stack,eslint.config.mjs
softvence-omega-future-stack/gameluke-frontend,https://github.com/softvence-omega-future-stack/gameluke-frontend,0,0,TypeScript,softvence-omega-future-stack,postcss.config.mjs
Softvence-Omega-Dev-Ninjas/jdadzok_server,https://github.com/Softvence-Omega-Dev-Ninjas/jdadzok_server,0,0,TypeScript,Softvence-Omega-Dev-Ninjas,eslint.config.mjs
Softvence-Omega-Dev-Ninjas/diaz-jupiter-marine-frontend,https://github.com/Softvence-Omega-Dev-Ninjas/diaz-jupiter-marine-frontend,0,0,TypeScript,Softvence-Omega-Dev-Ninjas,postcss.config.mjs
Softvence-Omega-Dev-Ninjas/alvaaro-server,https://github.com/Softvence-Omega-Dev-Ninjas/alvaaro-server,0,0,TypeScript,Softvence-Omega-Dev-Ninjas,eslint.config.mjs
Softvence-Omega-Cyber-Monk/nishant-server,https://github.com/Softvence-Omega-Cyber-Monk/nishant-server,0,0,TypeScript,Softvence-Omega-Cyber-Monk,eslint.config.mjs
Socheema/ticketFlow,https://github.com/Socheema/ticketFlow,0,0,TypeScript,Socheema,tailwind.config.cjs
Socheema/bukkahut,https://github.com/Socheema/bukkahut,0,0,TypeScript,Socheema,vite.config.ts
smit455/Task_manager,https://github.com/smit455/Task_manager,0,0,JavaScript,smit455,postcss.config.mjs
smit455/big_bazaar-store,https://github.com/smit455/big_bazaar-store,0,0,TypeScript,smit455,postcss.config.mjs
smit455/big_bazaar-admin,https://github.com/smit455/big_bazaar-admin,0,0,TypeScript,smit455,postcss.config.mjs
SimalChaudhari/plusfive,https://github.com/SimalChaudhari/plusfive,0,0,JavaScript,SimalChaudhari,tailwind.config.js
Shumaim-Naseer-Kiyani/framer_project,https://github.com/Shumaim-Naseer-Kiyani/framer_project,0,0,TypeScript,Shumaim-Naseer-Kiyani,postcss.config.mjs
Shumaim-Naseer-Kiyani/ai_landing_page,https://github.com/Shumaim-Naseer-Kiyani/ai_landing_page,0,0,TypeScript,Shumaim-Naseer-Kiyani,postcss.config.mjs
shermuhammad786/gs-hackathon,https://github.com/shermuhammad786/gs-hackathon,0,0,TypeScript,shermuhammad786,postcss.config.mjs
shayanwd/vts-nextjs,https://github.com/shayanwd/vts-nextjs,0,0,TypeScript,shayanwd,eslint.config.mjs|postcss.config.mjs
shaniPandeyTech/astro_wale,https://github.com/shaniPandeyTech/astro_wale,0,0,JavaScript,shaniPandeyTech,tailwind.config.mjs
shani-techv1/source-app-v2,https://github.com/shani-techv1/source-app-v2,0,0,TypeScript,shani-techv1,postcss.config.mjs
shahvezjumani/chat_app,https://github.com/shahvezjumani/chat_app,0,0,JavaScript,shahvezjumani,tailwind.config.js
shahid538org/microrealestate,https://github.com/shahid538org/microrealestate,0,0,JavaScript,shahid538org,webapps/landlord/tailwind.config.js
ShahbazRamzan/NodeTestApp,https://github.com/ShahbazRamzan/NodeTestApp,0,1,JavaScript,ShahbazRamzan,routes/userRoutes.js
servise-east/service-east-v2,https://github.com/servise-east/service-east-v2,0,0,TypeScript,servise-east,next.config.mjs
Senti-fi/Senti.fi,https://github.com/Senti-fi/Senti.fi,0,0,TypeScript,Senti-fi,frontend/postcss.config.mjs
seemab-ahmed/rodopi,https://github.com/seemab-ahmed/rodopi,0,0,JavaScript,seemab-ahmed,postcss.config.mjs
seemab-ahmed/eden-funded,https://github.com/seemab-ahmed/eden-funded,0,0,JavaScript,seemab-ahmed,tailwind.config.js
seemab-ahmed/digital-resume,https://github.com/seemab-ahmed/digital-resume,0,0,HTML,seemab-ahmed,assets/js/plugins/circle-progress.js
seemab-ahmed/cutzclub-next,https://github.com/seemab-ahmed/cutzclub-next,0,0,JavaScript,seemab-ahmed,eslint.config.mjs
sayyamButt317/ishout,https://github.com/sayyamButt317/ishout,0,0,TypeScript,sayyamButt317,postcss.config.mjs
sayyamButt317/hire-with-tess-frontend,https://github.com/sayyamButt317/hire-with-tess-frontend,0,0,TypeScript,sayyamButt317,postcss.config.mjs
Sawjal-sikder/faceAi-front-end,https://github.com/Sawjal-sikder/faceAi-front-end,0,0,TypeScript,Sawjal-sikder,postcss.config.mjs
SanjayaPrasadRajapaksha/Todo_App,https://github.com/SanjayaPrasadRajapaksha/Todo_App,0,0,JavaScript,SanjayaPrasadRajapaksha,my-app/postcss.config.mjs
SanjayaPrasadRajapaksha/Hotel_Booking-Blog,https://github.com/SanjayaPrasadRajapaksha/Hotel_Booking-Blog,0,0,CSS,SanjayaPrasadRajapaksha,astro.config.mjs
SanjayaPrasadRajapaksha/Hotel_Booking-Admin_Panel,https://github.com/SanjayaPrasadRajapaksha/Hotel_Booking-Admin_Panel,0,0,TypeScript,SanjayaPrasadRajapaksha,postcss.config.mjs
SanjayaPrasadRajapaksha/E-Commerce,https://github.com/SanjayaPrasadRajapaksha/E-Commerce,0,0,JavaScript,SanjayaPrasadRajapaksha,postcss.config.mjs
SanjayaPrasadRajapaksha/Blog_App,https://github.com/SanjayaPrasadRajapaksha/Blog_App,0,0,JavaScript,SanjayaPrasadRajapaksha,postcss.config.mjs
sanjay10985/lead-generation-landing-page,https://github.com/sanjay10985/lead-generation-landing-page,0,0,JavaScript,sanjay10985,postcss.config.mjs
samirhassen/ToDo-Realtime,https://github.com/samirhassen/ToDo-Realtime,0,0,HTML,samirhassen,web/client/relay.config.cjs
Sameer447/O2_app,https://github.com/Sameer447/O2_app,0,0,TypeScript,Sameer447,postcss.config.mjs
Sameer447/my-app,https://github.com/Sameer447/my-app,0,0,JavaScript,Sameer447,postcss.config.mjs
Sameer447/launchpad-incubator-backend,https://github.com/Sameer447/launchpad-incubator-backend,0,0,TypeScript,Sameer447,postcss.config.mjs
salwaaliakbar/my-portfolio,https://github.com/salwaaliakbar/my-portfolio,0,0,TypeScript,salwaaliakbar,postcss.config.mjs
SalotJay/creator-platform-worker,https://github.com/SalotJay/creator-platform-worker,0,0,JavaScript,SalotJay,src/app.js
saifullah-max/surfchem,https://github.com/saifullah-max/surfchem,0,0,TypeScript,saifullah-max,postcss.config.mjs
saifullah-max/Sound-Cloud-Downloader,https://github.com/saifullah-max/Sound-Cloud-Downloader,0,0,JavaScript,saifullah-max,backend/download.js
saifullah-max/bublr,https://github.com/saifullah-max/bublr,0,0,TypeScript,saifullah-max,postcss.config.mjs
Sahl-AI/sahl-ai-iframe,https://github.com/Sahl-AI/sahl-ai-iframe,0,0,TypeScript,Sahl-AI,tailwind.config.js
saadkhan0111/Smart-Commerce-Admin-Pannel,https://github.com/saadkhan0111/Smart-Commerce-Admin-Pannel,0,0,JavaScript,saadkhan0111,postcss.config.mjs
rvmediacorp/Headshot-Portland-Official,https://github.com/rvmediacorp/Headshot-Portland-Official,0,0,TypeScript,rvmediacorp,postcss.config.mjs
Ruwanima/Portfolio,https://github.com/Ruwanima/Portfolio,0,0,JavaScript,Ruwanima,postcss.config.mjs
Romicha935/image-gallery,https://github.com/Romicha935/image-gallery,0,0,JavaScript,Romicha935,postcss.config.mjs
roma2023/Snoonu,https://github.com/roma2023/Snoonu,0,0,TypeScript,roma2023,postcss.config.mjs
rmcsharry/me,https://github.com/rmcsharry/me,0,0,JavaScript,rmcsharry,frontend/tailwind.config.js
rejoan121615/website-generator,https://github.com/rejoan121615/website-generator,0,0,Astro,rejoan121615,packages/dashboard/postcss.config.mjs
rejoan121615/heritage-trial-overlay,https://github.com/rejoan121615/heritage-trial-overlay,0,0,TypeScript,rejoan121615,postcss.config.mjs
RazaAkmal/telehealth-assignment,https://github.com/RazaAkmal/telehealth-assignment,0,0,TypeScript,RazaAkmal,eslint.config.mjs
RazaAkmal/frontend-test,https://github.com/RazaAkmal/frontend-test,0,0,TypeScript,RazaAkmal,postcss.config.mjs
RathodDeven/danz-web,https://github.com/RathodDeven/danz-web,0,0,TypeScript,RathodDeven,postcss.config.mjs
ranjannkumar/Chat-Application,https://github.com/ranjannkumar/Chat-Application,0,0,JavaScript,ranjannkumar,client/.eslintrc.cjs
RanaRehman7676/my-electron-app2,https://github.com/RanaRehman7676/my-electron-app2,0,0,JavaScript,RanaRehman7676,db.js
rajkananirk/personal-finance-node,https://github.com/rajkananirk/personal-finance-node,0,0,TypeScript,rajkananirk,tailwind.config.js
Rahulkumarhavit/Nextjs-productivity,https://github.com/Rahulkumarhavit/Nextjs-productivity,0,0,TypeScript,Rahulkumarhavit,postcss.config.mjs
Rahulkumarhavit/multi-tenant-architecture,https://github.com/Rahulkumarhavit/multi-tenant-architecture,0,0,JavaScript,Rahulkumarhavit,postcss.config.mjs
Rahulkumarhavit/finance-advisor,https://github.com/Rahulkumarhavit/finance-advisor,0,0,JavaScript,Rahulkumarhavit,postcss.config.mjs
Rahulkumarhavit/carmarket-place,https://github.com/Rahulkumarhavit/carmarket-place,0,0,TypeScript,Rahulkumarhavit,postcss.config.mjs
Rachit2323/agave,https://github.com/Rachit2323/agave,0,1,Rust,Rachit2323,token/clients/js/.eslintrc.cjs
Qasim-dev/stock-tracker,https://github.com/Qasim-dev/stock-tracker,0,0,TypeScript,Qasim-dev,postcss.config.mjs
QaisarWaheed/service-connect-nest-be,https://github.com/QaisarWaheed/service-connect-nest-be,0,0,TypeScript,QaisarWaheed,eslint.config.mjs
QaisarWaheed/chemtronics-backend,https://github.com/QaisarWaheed/chemtronics-backend,0,0,TypeScript,QaisarWaheed,eslint.config.mjs
QaisarWaheed/Aluminum-POS,https://github.com/QaisarWaheed/Aluminum-POS,0,1,TypeScript,QaisarWaheed,eslint.config.mjs
QaisarWaheed/aluminium-backend,https://github.com/QaisarWaheed/aluminium-backend,0,0,TypeScript,QaisarWaheed,eslint.config.mjs
pt67/test,https://github.com/pt67/test,0,0,JavaScript,pt67,frontend/eslint.config.mjs
pt67/prakash360,https://github.com/pt67/prakash360,0,0,JavaScript,pt67,src/App.js
pt67/bunapp,https://github.com/pt67/bunapp,0,0,JavaScript,pt67,src/components/form.js
prudywn/GrowthProject,https://github.com/prudywn/GrowthProject,0,0,TypeScript,prudywn,frontend/next-sitemap.config.js
prosigns/dex-data-aggregation,https://github.com/prosigns/dex-data-aggregation,0,0,TypeScript,prosigns,postcss.config.mjs
Professor833/orchestrix,https://github.com/Professor833/orchestrix,0,0,TypeScript,Professor833,frontend/tailwind.config.js
PremShakti/PanchangCalendar,https://github.com/PremShakti/PanchangCalendar,0,0,TypeScript,PremShakti,postcss.config.mjs
PremShakti/multi-tenet-school-profile-app,https://github.com/PremShakti/multi-tenet-school-profile-app,0,0,TypeScript,PremShakti,postcss.config.mjs
PremShakti/Inventory-Todo-Manager,https://github.com/PremShakti/Inventory-Todo-Manager,0,0,TypeScript,PremShakti,postcss.config.mjs
pratikp72/strollr-app,https://github.com/pratikp72/strollr-app,0,0,TypeScript,pratikp72,eslint.config.mjs
Pramadu2001/ITPM_MODUS,https://github.com/Pramadu2001/ITPM_MODUS,0,1,TypeScript,Pramadu2001,my-app/postcss.config.mjs
Prakhar6046/website,https://github.com/Prakhar6046/website,0,0,TypeScript,Prakhar6046,tailwind.config.mjs
Prakhar6046/ubk-development-official-website-export,https://github.com/Prakhar6046/ubk-development-official-website-export,0,0,JavaScript,Prakhar6046,tailwind.config.mjs
Prakhar6046/Feedflow-New,https://github.com/Prakhar6046/Feedflow-New,0,0,TypeScript,Prakhar6046,next.config.mjs
phillipshepard1/internal-re-crm,https://github.com/phillipshepard1/internal-re-crm,0,0,TypeScript,phillipshepard1,postcss.config.mjs
pasindu7828/Sustainable-Marketting-Wastage-Management-System,https://github.com/pasindu7828/Sustainable-Marketting-Wastage-Management-System,0,0,JavaScript,pasindu7828,frontend/src/App.js
parthvaghani/vinayaknaturals-api,https://github.com/parthvaghani/vinayaknaturals-api,0,0,JavaScript,parthvaghani,eslint.config.mjs
pankajkhadse/TrustBasket,https://github.com/pankajkhadse/TrustBasket,0,0,TypeScript,pankajkhadse,postcss.config.mjs
Pa-ppy/Checkout,https://github.com/Pa-ppy/Checkout,0,0,TypeScript,Pa-ppy,postcss.config.mjs
orynth-dev/vite-shadcn-template,https://github.com/orynth-dev/vite-shadcn-template,0,0,TypeScript,orynth-dev,tailwind.config.js
OpenSourceMalware/open-source-malware-9c5732df,https://github.com/OpenSourceMalware/open-source-malware-9c5732df,0,0,TypeScript,OpenSourceMalware,public/blog-posts/neutralinojs-compromise.md
noors-code/swarrpay-backend,https://github.com/noors-code/swarrpay-backend,0,0,TypeScript,noors-code,eslint.config.mjs
noors-code/MovieHouse-api,https://github.com/noors-code/MovieHouse-api,0,0,JavaScript,noors-code,next.config.mjs
noors-code/MovieHouse,https://github.com/noors-code/MovieHouse,0,0,JavaScript,noors-code,next.config.mjs
nipun-imesh/sample-react,https://github.com/nipun-imesh/sample-react,0,0,JavaScript,nipun-imesh,postcss.config.mjs
ninjadevhub/Flood-Risk-Mapper,https://github.com/ninjadevhub/Flood-Risk-Mapper,0,0,TypeScript,ninjadevhub,postcss.config.mjs
nhumayun2/Study-Hall-Project,https://github.com/nhumayun2/Study-Hall-Project,0,0,JavaScript,nhumayun2,mainroute/route.config.js
NexumTechnologies/E-Commerce,https://github.com/NexumTechnologies/E-Commerce,0,0,TypeScript,NexumTechnologies,postcss.config.mjs
NEERAJ131124/pisync-fe,https://github.com/NEERAJ131124/pisync-fe,0,0,JavaScript,NEERAJ131124,postcss.config.mjs
Navoda001/Solana,https://github.com/Navoda001/Solana,0,0,JavaScript,Navoda001,postcss.config.mjs
Nathanim1919/time-lens,https://github.com/Nathanim1919/time-lens,0,0,TypeScript,Nathanim1919,postcss.config.mjs
Nathanim1919/nextjs-project,https://github.com/Nathanim1919/nextjs-project,0,0,TypeScript,Nathanim1919,postcss.config.mjs
Nathanim1919/becoming,https://github.com/Nathanim1919/becoming,0,0,TypeScript,Nathanim1919,postcss.config.mjs
Nathanim1919/atlas,https://github.com/Nathanim1919/atlas,0,0,TypeScript,Nathanim1919,postcss.config.mjs
nasirrasheed/Deadlive,https://github.com/nasirrasheed/Deadlive,0,0,CSS,nasirrasheed,eslint.config.mjs
musetax/Amus-fe,https://github.com/musetax/Amus-fe,0,0,TypeScript,musetax,postcss.config.mjs
Muhammadfaizanjanjua109/frammerMotion,https://github.com/Muhammadfaizanjanjua109/frammerMotion,0,0,JavaScript,Muhammadfaizanjanjua109,postcss.config.mjs
Muhammad-Hammad-Abbasi/next.js-hackathon,https://github.com/Muhammad-Hammad-Abbasi/next.js-hackathon,0,0,TypeScript,Muhammad-Hammad-Abbasi,postcss.config.mjs
Muhammad-Achir/nestjs-real-time-chat,https://github.com/Muhammad-Achir/nestjs-real-time-chat,0,0,TypeScript,Muhammad-Achir,eslint.config.mjs
msuhels/RapidProject-Pos-System,https://github.com/msuhels/RapidProject-Pos-System,0,0,TypeScript,msuhels,postcss.config.mjs
MSCPerera/Job-Board-App,https://github.com/MSCPerera/Job-Board-App,0,0,JavaScript,MSCPerera,job-board-app/postcss.config.mjs
MrSohaibAhmed/interview-assessment,https://github.com/MrSohaibAhmed/interview-assessment,0,0,TypeScript,MrSohaibAhmed,postcss.config.mjs
morokoli/color-chrome,https://github.com/morokoli/color-chrome,0,0,TypeScript,morokoli,tailwind.config.js
monazahmed/Agrismart-project-,https://github.com/monazahmed/Agrismart-project-,0,1,TypeScript,monazahmed,postcss.config.mjs
mohsulthana/aurora-reminder-app,https://github.com/mohsulthana/aurora-reminder-app,0,0,Vue,mohsulthana,eslint.config.mjs
mohsinyzonetechnology-dev/workFlow-management,https://github.com/mohsinyzonetechnology-dev/workFlow-management,0,0,TypeScript,mohsinyzonetechnology-dev,client/tailwind.config.js
Mohsin-Javed48/UDEMY-Backend-Practice-projects,https://github.com/Mohsin-Javed48/UDEMY-Backend-Practice-projects,0,0,JavaScript,Mohsin-Javed48,Section-5-Express/eslint.config.mjs|Section-7-MVC/00-starting-setup/eslint.config.mjs
Mohsin-Javed48/nextjs-witd-oasis,https://github.com/Mohsin-Javed48/nextjs-witd-oasis,0,0,JavaScript,Mohsin-Javed48,postcss.config.mjs
Mohsin-Javed48/dresscode-nextjs,https://github.com/Mohsin-Javed48/dresscode-nextjs,0,0,TypeScript,Mohsin-Javed48,postcss.config.mjs
Mohsin-Javed48/connectors-nextJs,https://github.com/Mohsin-Javed48/connectors-nextJs,0,0,TypeScript,Mohsin-Javed48,postcss.config.mjs
MohamedH1000/philadelphia_university,https://github.com/MohamedH1000/philadelphia_university,0,0,TypeScript,MohamedH1000,postcss.config.mjs
MohamedH1000/Mersal,https://github.com/MohamedH1000/Mersal,0,0,TypeScript,MohamedH1000,postcss.config.mjs
MohamedH1000/ethaq_ecommerce_admin,https://github.com/MohamedH1000/ethaq_ecommerce_admin,0,0,TypeScript,MohamedH1000,tailwind.config.js
MohamedH1000/ethaq_ecommerce,https://github.com/MohamedH1000/ethaq_ecommerce,0,0,TypeScript,MohamedH1000,tailwind.config.js
MohamedH1000/cruise,https://github.com/MohamedH1000/cruise,0,0,TypeScript,MohamedH1000,postcss.config.mjs
MohamedH1000/course,https://github.com/MohamedH1000/course,0,0,TypeScript,MohamedH1000,postcss.config.mjs
mjatin-dev/logic-zephyr,https://github.com/mjatin-dev/logic-zephyr,0,0,TypeScript,mjatin-dev,postcss.config.mjs
mirzaghalib4726/event_management_backend,https://github.com/mirzaghalib4726/event_management_backend,0,0,TypeScript,mirzaghalib4726,eslint.config.mjs
mirzaghalib4726/committee-system-next,https://github.com/mirzaghalib4726/committee-system-next,0,0,TypeScript,mirzaghalib4726,postcss.config.mjs
mirzaghalib4726/committee-backend,https://github.com/mirzaghalib4726/committee-backend,0,0,TypeScript,mirzaghalib4726,eslint.config.mjs
Mike-flowbiz/Flowbiz-backend,https://github.com/Mike-flowbiz/Flowbiz-backend,0,0,TypeScript,Mike-flowbiz,postcss.config.mjs
michelzappy/zappy-scratch-091225,https://github.com/michelzappy/zappy-scratch-091225,0,1,TypeScript,michelzappy,frontend/tailwind.config.js
MianHaziq/LKnight-Lms-backend,https://github.com/MianHaziq/LKnight-Lms-backend,0,0,JavaScript,MianHaziq,src/routes/admin.routes.js
MianHaziq/LKnight-Lms,https://github.com/MianHaziq/LKnight-Lms,0,0,TypeScript,MianHaziq,postcss.config.mjs
Mfahadk99/syssel-web-internal,https://github.com/Mfahadk99/syssel-web-internal,0,0,JavaScript,Mfahadk99,postcss.config.mjs
Meet2054/automa8x-production-new,https://github.com/Meet2054/automa8x-production-new,0,0,TypeScript,Meet2054,postcss.config.mjs
Mediasoft-Cie-S-A/formeditor.ms,https://github.com/Mediasoft-Cie-S-A/formeditor.ms,0,1,JavaScript,Mediasoft-Cie-S-A,appconfig.js|dblayer.js
mdnuruzzamannirob/your-capture-awards-dashboard,https://github.com/mdnuruzzamannirob/your-capture-awards-dashboard,0,0,TypeScript,mdnuruzzamannirob,postcss.config.mjs
mdnuruzzamannirob/your-capture-awards,https://github.com/mdnuruzzamannirob/your-capture-awards,0,0,TypeScript,mdnuruzzamannirob,postcss.config.mjs
mdnuruzzamannirob/relo-website,https://github.com/mdnuruzzamannirob/relo-website,0,0,TypeScript,mdnuruzzamannirob,postcss.config.mjs
mdemong87/theamfisher-assignment,https://github.com/mdemong87/theamfisher-assignment,0,0,JavaScript,mdemong87,eslint.config.mjs|postcss.config.mjs
MatiasCuadra98/ai-excel,https://github.com/MatiasCuadra98/ai-excel,0,0,TypeScript,MatiasCuadra98,apps/frontend/postcss.config.mjs
manuel-spec/another-portfolio,https://github.com/manuel-spec/another-portfolio,0,0,TypeScript,manuel-spec,postcss.config.mjs
Mansuro/Garden-waste,https://github.com/Mansuro/Garden-waste,0,0,JavaScript,Mansuro,src/App.js
malirazaansari/Protfolio_project,https://github.com/malirazaansari/Protfolio_project,0,0,TypeScript,malirazaansari,postcss.config.mjs
malikjunaidhassann/updated-calcos-frontend,https://github.com/malikjunaidhassann/updated-calcos-frontend,0,0,TypeScript,malikjunaidhassann,tailwind.config.js
malikjunaidhassann/seller-panel,https://github.com/malikjunaidhassann/seller-panel,0,0,TypeScript,malikjunaidhassann,postcss.config.mjs
mahi-abeysinghe/SkillSync,https://github.com/mahi-abeysinghe/SkillSync,0,0,JavaScript,mahi-abeysinghe,Frontend/src/App.js
Maham-Liaqat/Player-Assests-Tracker,https://github.com/Maham-Liaqat/Player-Assests-Tracker,0,0,JavaScript,Maham-Liaqat,Player-Tracker-Backend/routes/assists.js
mahadi-zulfiker/SpaceZee,https://github.com/mahadi-zulfiker/SpaceZee,0,0,JavaScript,mahadi-zulfiker,postcss.config.mjs
mahadi-zulfiker/Ride-Management-Backend,https://github.com/mahadi-zulfiker/Ride-Management-Backend,0,0,TypeScript,mahadi-zulfiker,src/index.ts
mahadi-zulfiker/REPLIQ-Limited-Task,https://github.com/mahadi-zulfiker/REPLIQ-Limited-Task,0,0,JavaScript,mahadi-zulfiker,postcss.config.mjs
mahadi-zulfiker/mz-events-frontend,https://github.com/mahadi-zulfiker/mz-events-frontend,0,0,TypeScript,mahadi-zulfiker,postcss.config.mjs
mahadi-zulfiker/crm,https://github.com/mahadi-zulfiker/crm,0,0,JavaScript,mahadi-zulfiker,postcss.config.mjs
mahadi-zulfiker/Backend-Tour-Management-System,https://github.com/mahadi-zulfiker/Backend-Tour-Management-System,0,0,TypeScript,mahadi-zulfiker,eslint.config.mjs
mahadi-zulfiker/aura-commerce-backend,https://github.com/mahadi-zulfiker/aura-commerce-backend,0,0,TypeScript,mahadi-zulfiker,eslint.config.mjs
MahadA456/mahad-portfolio,https://github.com/MahadA456/mahad-portfolio,0,0,TypeScript,MahadA456,postcss.config.mjs
mab3321/Event-Seating-API---Backend,https://github.com/mab3321/Event-Seating-API---Backend,0,0,TypeScript,mab3321,src/server.ts
Lithira-Sasmitha/social_app,https://github.com/Lithira-Sasmitha/social_app,0,0,TypeScript,Lithira-Sasmitha,postcss.config.mjs
lihiniapsara/Spotify-Clone,https://github.com/lihiniapsara/Spotify-Clone,0,0,JavaScript,lihiniapsara,tailwind.config.js
kiranmistary0697/Stratezy_lab,https://github.com/kiranmistary0697/Stratezy_lab,0,0,JavaScript,kiranmistary0697,tailwind.config.js
KeshanWijesinghe/yap-mobile-app,https://github.com/KeshanWijesinghe/yap-mobile-app,0,0,JavaScript,KeshanWijesinghe,backend/src/routes/authRoutes.js
kasunwathsala/Service-marketplace,https://github.com/kasunwathsala/Service-marketplace,0,0,TypeScript,kasunwathsala,navbar-vite (3)/postcss.config.mjs
kasunwathsala/saloon-booking-system,https://github.com/kasunwathsala/saloon-booking-system,0,0,TypeScript,kasunwathsala,salon-booking-system/postcss.config.mjs
kasunwathsala/portfolio-2026,https://github.com/kasunwathsala/portfolio-2026,0,0,TypeScript,kasunwathsala,postcss.config.mjs
kasunwathsala/Nextjs-Protfolio,https://github.com/kasunwathsala/Nextjs-Protfolio,0,0,TypeScript,kasunwathsala,postcss.config.mjs
kasunwathsala/Loomistore,https://github.com/kasunwathsala/Loomistore,0,0,JavaScript,kasunwathsala,postcss.config.mjs
kasunwathsala/Caramel-Pudding-web,https://github.com/kasunwathsala/Caramel-Pudding-web,0,0,TypeScript,kasunwathsala,postcss.config.mjs
Karigar-App/Karigar,https://github.com/Karigar-App/Karigar,0,0,JavaScript,Karigar-App,packages/ui/postcss.config.mjs
JudeTejada/snapdocs,https://github.com/JudeTejada/snapdocs,0,0,TypeScript,JudeTejada,apps/frontend/tailwind.config.js
JudeTejada/reactly,https://github.com/JudeTejada/reactly,0,0,TypeScript,JudeTejada,apps/web/postcss.config.mjs
JudeTejada/project-monitoring,https://github.com/JudeTejada/project-monitoring,0,0,TypeScript,JudeTejada,postcss.config.mjs
JudeTejada/jude-portfolio-v3,https://github.com/JudeTejada/jude-portfolio-v3,0,0,HTML,JudeTejada,astro.config.mjs
JudeTejada/Fragments,https://github.com/JudeTejada/Fragments,0,0,HTML,JudeTejada,eslint.config.mjs
JPChoyon/bikeBotics,https://github.com/JPChoyon/bikeBotics,0,0,TypeScript,JPChoyon,eslint.config.mjs
jesus270/Krain-MVP-v1,https://github.com/jesus270/Krain-MVP-v1,0,0,TypeScript,jesus270,apps/landing/tailwind.config.js
jbaze/prject-hejer-image-upload,https://github.com/jbaze/prject-hejer-image-upload,0,0,C#,jbaze,image-upload-feature-angular/tailwind.config.js
jbaze/Eli-rfq-system,https://github.com/jbaze/Eli-rfq-system,0,0,C#,jbaze,rfq-app/tailwind.config.js
jbaze/defi-task,https://github.com/jbaze/defi-task,0,0,CSS,jbaze,src/App.js
jbaze/borec-basket-claude,https://github.com/jbaze/borec-basket-claude,0,0,TypeScript,jbaze,postcss.config.mjs
Jaskaran2701/Test-1,https://github.com/Jaskaran2701/Test-1,0,0,TypeScript,Jaskaran2701,postcss.config.mjs
jamesmaccoy/betaplek,https://github.com/jamesmaccoy/betaplek,0,1,TypeScript,jamesmaccoy,tailwind.config.mjs
jade0615/Bookme,https://github.com/jade0615/Bookme,0,0,TypeScript,jade0615,frontend/tailwind.config.js
idrishci/DreamJob,https://github.com/idrishci/DreamJob,0,0,JavaScript,idrishci,src/app/eslint.config.mjs
Ianwarzai/cotd_cronjob,https://github.com/Ianwarzai/cotd_cronjob,0,0,JavaScript,Ianwarzai,services/stockDataService.js
Iambilalfaisal/Portfolio,https://github.com/Iambilalfaisal/Portfolio,0,0,TypeScript,Iambilalfaisal,tailwind.config.js
iamanaskhan10/my-portfolio-nextjs,https://github.com/iamanaskhan10/my-portfolio-nextjs,0,0,JavaScript,iamanaskhan10,postcss.config.mjs
HyderYash/my-progess-tracker,https://github.com/HyderYash/my-progess-tracker,0,0,TypeScript,HyderYash,postcss.config.mjs
huzzy12/portfolio,https://github.com/huzzy12/portfolio,0,0,TypeScript,huzzy12,postcss.config.mjs
hunain25/QuickFistAid,https://github.com/hunain25/QuickFistAid,0,0,TypeScript,hunain25,tailwind.config.js
humayun506034/ReviewHub-Client,https://github.com/humayun506034/ReviewHub-Client,0,0,TypeScript,humayun506034,postcss.config.mjs
Hriday-paul/anyjob-wellcome,https://github.com/Hriday-paul/anyjob-wellcome,0,0,TypeScript,Hriday-paul,postcss.config.mjs
himanshu077/material-card-ui-test,https://github.com/himanshu077/material-card-ui-test,0,0,JavaScript,himanshu077,postcss.config.cjs
HevenDev/rmw-new-design,https://github.com/HevenDev/rmw-new-design,0,1,TypeScript,HevenDev,postcss.config.mjs
Hassam-01/Forsit-task,https://github.com/Hassam-01/Forsit-task,0,0,Vue,Hassam-01,tailwind.config.js
Harsimran-Nugen/assignment,https://github.com/Harsimran-Nugen/assignment,0,0,TypeScript,Harsimran-Nugen,postcss.config.mjs
hamza-nafasat/rentin-frontend,https://github.com/hamza-nafasat/rentin-frontend,0,0,JavaScript,hamza-nafasat,postcss.config.mjs
gSimani/ConcordBroker,https://github.com/gSimani/ConcordBroker,0,0,Python,gSimani,apps/web/tailwind.config.js|backups/apps_web_before_master_/tailwind.config.js
Gowreesh-VT/VITopoly,https://github.com/Gowreesh-VT/VITopoly,0,0,TypeScript,Gowreesh-VT,postcss.config.mjs
Gowreesh-VT/SherlockIT,https://github.com/Gowreesh-VT/SherlockIT,0,1,TypeScript,Gowreesh-VT,postcss.config.mjs
Gowreesh-VT/OnlyFoundersV2,https://github.com/Gowreesh-VT/OnlyFoundersV2,0,0,TypeScript,Gowreesh-VT,postcss.config.mjs
Gowreesh-VT/Gowreesh-VT.github.io,https://github.com/Gowreesh-VT/Gowreesh-VT.github.io,0,0,CSS,Gowreesh-VT,js/breadcrumb-schema.js
Gowreesh-VT/AWS-Web-Dev,https://github.com/Gowreesh-VT/AWS-Web-Dev,0,0,TypeScript,Gowreesh-VT,postcss.config.mjs
gmhridu/bicycle-assignment-ph,https://github.com/gmhridu/bicycle-assignment-ph,0,0,TypeScript,gmhridu,eslint.config.mjs
fsdteam8/stevenar77-dashboard,https://github.com/fsdteam8/stevenar77-dashboard,0,0,TypeScript,fsdteam8,postcss.config.mjs
fsdteam8/n_Krypted-frontend,https://github.com/fsdteam8/n_Krypted-frontend,0,4,TypeScript,fsdteam8,postcss.config.mjs
fsdteam8/lowready-dashboard,https://github.com/fsdteam8/lowready-dashboard,0,0,TypeScript,fsdteam8,postcss.config.mjs
FSDTeam-SAA/sahara_53,https://github.com/FSDTeam-SAA/sahara_53,0,1,TypeScript,FSDTeam-SAA,postcss.config.mjs
FSDTeam-SAA/rayb_23-backend,https://github.com/FSDTeam-SAA/rayb_23-backend,0,1,JavaScript,FSDTeam-SAA,src/modules/business/business.router.js
FSDTeam-SAA/nico41278-frontend,https://github.com/FSDTeam-SAA/nico41278-frontend,0,2,TypeScript,FSDTeam-SAA,postcss.config.mjs
FSDTeam-SAA/lowready-frontend,https://github.com/FSDTeam-SAA/lowready-frontend,0,1,TypeScript,FSDTeam-SAA,postcss.config.mjs
FSDTeam-SAA/iwmsadvisors,https://github.com/FSDTeam-SAA/iwmsadvisors,0,0,TypeScript,FSDTeam-SAA,postcss.config.mjs
FSDTeam-SAA/Igghy-dashboard,https://github.com/FSDTeam-SAA/Igghy-dashboard,0,1,TypeScript,FSDTeam-SAA,postcss.config.mjs
FSDTeam-SAA/hinkel-Website,https://github.com/FSDTeam-SAA/hinkel-Website,0,0,TypeScript,FSDTeam-SAA,postcss.config.mjs
FSDTeam-SAA/ftfdesignco-backend,https://github.com/FSDTeam-SAA/ftfdesignco-backend,0,1,JavaScript,FSDTeam-SAA,src/router/index.js
FSDTeam-SAA/brazen-kits,https://github.com/FSDTeam-SAA/brazen-kits,0,1,TypeScript,FSDTeam-SAA,postcss.config.mjs
FSDTeam-SAA/AMES_Investment_new,https://github.com/FSDTeam-SAA/AMES_Investment_new,0,0,JavaScript,FSDTeam-SAA,tailwind.config.js
FSDTeam-SAA/admin-dashboard-gman,https://github.com/FSDTeam-SAA/admin-dashboard-gman,0,0,TypeScript,FSDTeam-SAA,postcss.config.mjs
freelancework00700/CRM-test-task,https://github.com/freelancework00700/CRM-test-task,0,0,TypeScript,freelancework00700,postcss.config.mjs
FrazKhan1/dev-team-chat,https://github.com/FrazKhan1/dev-team-chat,0,0,TypeScript,FrazKhan1,postcss.config.mjs
FlowRMSLabs/flowdemandwebsite,https://github.com/FlowRMSLabs/flowdemandwebsite,0,0,TypeScript,FlowRMSLabs,postcss.config.mjs
FlowRMS/flow-connect-frontend-new,https://github.com/FlowRMS/flow-connect-frontend-new,0,0,TypeScript,FlowRMS,postcss.config.mjs
FlowBondTech/danz-web,https://github.com/FlowBondTech/danz-web,0,1,TypeScript,FlowBondTech,postcss.config.mjs
Flitzinteractive/FlitzSpace,https://github.com/Flitzinteractive/FlitzSpace,0,0,TypeScript,Flitzinteractive,client/tailwind.config.js
finom/vovk-hello-world,https://github.com/finom/vovk-hello-world,0,0,Rust,finom,postcss.config.mjs
finom/realtime-kanban,https://github.com/finom/realtime-kanban,0,0,TypeScript,finom,postcss.config.mjs
finom/opensource.gubanov.eu,https://github.com/finom/opensource.gubanov.eu,0,1,JavaScript,finom,webpack.config.js
finom/blok,https://github.com/finom/blok,0,0,TypeScript,finom,postcss.config.mjs
farihulrouf/orcx_fe,https://github.com/farihulrouf/orcx_fe,0,0,JavaScript,farihulrouf,postcss.config.mjs
farhanmasood-se/slack-clone,https://github.com/farhanmasood-se/slack-clone,0,0,TypeScript,farhanmasood-se,postcss.config.mjs
farhanmasood-se/live-docs,https://github.com/farhanmasood-se/live-docs,0,0,TypeScript,farhanmasood-se,postcss.config.mjs
fareed-aslam/capitalkv,https://github.com/fareed-aslam/capitalkv,0,0,TypeScript,fareed-aslam,CapitalKV-AI-master/frontend/postcss.config.mjs
evenwalser/FinalPaperclipPro,https://github.com/evenwalser/FinalPaperclipPro,0,0,TypeScript,evenwalser,postcss.config.mjs
etrainermis/mineduc-Form,https://github.com/etrainermis/mineduc-Form,0,1,TypeScript,etrainermis,postcss.config.mjs
Enigma-Incorporated-Ltd/N0DE-Website,https://github.com/Enigma-Incorporated-Ltd/N0DE-Website,0,0,HTML,Enigma-Incorporated-Ltd,src/tailwind.config.js|tailwind.config.js
emmanueldavidson96/popular_saas_product_landing_page,https://github.com/emmanueldavidson96/popular_saas_product_landing_page,0,0,TypeScript,emmanueldavidson96,postcss.config.mjs
dmytro-chushko/portfolio-dev-dc,https://github.com/dmytro-chushko/portfolio-dev-dc,0,0,TypeScript,dmytro-chushko,postcss.config.mjs
dmytro-chushko/form-editor,https://github.com/dmytro-chushko/form-editor,0,0,TypeScript,dmytro-chushko,postcss.config.mjs
DilyaSoft/Time-off-company-manager,https://github.com/DilyaSoft/Time-off-company-manager,0,0,TypeScript,DilyaSoft,TimeOffManager/ClientApp/timeoff-manager-client/.eslintrc.cjs
digitalschool-tech/tech-static,https://github.com/digitalschool-tech/tech-static,0,0,TypeScript,digitalschool-tech,postcss.config.mjs
dhruvmalik007/xrpl_haks_hackathon_project,https://github.com/dhruvmalik007/xrpl_haks_hackathon_project,0,0,TypeScript,dhruvmalik007,postcss.config.mjs
dhruvmalik007/smallcase_defi,https://github.com/dhruvmalik007/smallcase_defi,0,0,Solidity,dhruvmalik007,apps/web/tailwind.config.js
dhruvmalik007/small-case_preEthDelhi,https://github.com/dhruvmalik007/small-case_preEthDelhi,0,0,TypeScript,dhruvmalik007,apps/web/tailwind.config.js
dhruvmalik007/forensics-board,https://github.com/dhruvmalik007/forensics-board,0,0,TypeScript,dhruvmalik007,postcss.config.mjs
developerDesinger/Scrapping-Dashboard-Frontend,https://github.com/developerDesinger/Scrapping-Dashboard-Frontend,0,0,JavaScript,developerDesinger,tailwind.config.js
developerDesinger/robo-play,https://github.com/developerDesinger/robo-play,0,0,JavaScript,developerDesinger,routes/aiResumeTailor.route.js
developerdesigner18/Frontend-Task,https://github.com/developerdesigner18/Frontend-Task,0,0,TypeScript,developerdesigner18,postcss.config.mjs
dev1scaleupally/july-nextjs-fastify-task,https://github.com/dev1scaleupally/july-nextjs-fastify-task,0,0,JavaScript,dev1scaleupally,backend/src/routes/index.js
dev-muneeb-1520/restraunt-management-app-backend,https://github.com/dev-muneeb-1520/restraunt-management-app-backend,0,0,TypeScript,dev-muneeb-1520,eslint.config.mjs
dev-muneeb-1520/nest-js-quiz-manager,https://github.com/dev-muneeb-1520/nest-js-quiz-manager,0,0,TypeScript,dev-muneeb-1520,server/eslint.config.mjs
Dawit212119/DMS,https://github.com/Dawit212119/DMS,0,0,TypeScript,Dawit212119,client/tailwind.config.js
Dawit212119/Devodemy,https://github.com/Dawit212119/Devodemy,0,0,JavaScript,Dawit212119,postcss.config.mjs
DamikaDeshan/FaceDetectionClient,https://github.com/DamikaDeshan/FaceDetectionClient,0,0,JavaScript,DamikaDeshan,tailwind.config.js
cywasay/neorecruits-,https://github.com/cywasay/neorecruits-,0,0,JavaScript,cywasay,postcss.config.mjs
cywasay/leaders,https://github.com/cywasay/leaders,0,0,JavaScript,cywasay,leaders-admin/postcss.config.mjs
cto-varun/user-crud-design-nextjs,https://github.com/cto-varun/user-crud-design-nextjs,0,0,JavaScript,cto-varun,postcss.config.mjs
coderkhalide/selorax-canvas,https://github.com/coderkhalide/selorax-canvas,0,0,TypeScript,coderkhalide,apps/canvas-v2/postcss.config.mjs
coderkhalide/scalping-trading-tools,https://github.com/coderkhalide/scalping-trading-tools,0,1,TypeScript,coderkhalide,postcss.config.mjs
CODECUBE-001/frontend,https://github.com/CODECUBE-001/frontend,0,0,JavaScript,CODECUBE-001,astro.config.mjs
codecrafter201/Kapacia_AI_Backend,https://github.com/codecrafter201/Kapacia_AI_Backend,0,0,JavaScript,codecrafter201,routes/api.js
Cloudrika/cloudrika-web,https://github.com/Cloudrika/cloudrika-web,0,0,TypeScript,Cloudrika,apps/email-portal/next.config.mjs|packages/ui/postcss.config.mjs
ChiraniSiriwardhana/Portfolio,https://github.com/ChiraniSiriwardhana/Portfolio,0,0,JavaScript,ChiraniSiriwardhana,postcss.config.mjs
chetanji028/tradingview2,https://github.com/chetanji028/tradingview2,0,1,JavaScript,chetanji028,server/routes/api/users.js
carrantal/frontend,https://github.com/carrantal/frontend,0,0,JavaScript,carrantal,postcss.config.mjs
Button-20/perfume-showcase,https://github.com/Button-20/perfume-showcase,0,0,JavaScript,Button-20,next.config.mjs
Button-20/juzbuild-background-processor,https://github.com/Button-20/juzbuild-background-processor,0,0,TypeScript,Button-20,templates/homely/postcss.config.mjs
Button-20/juzbuild,https://github.com/Button-20/juzbuild,0,0,TypeScript,Button-20,postcss.config.mjs
brianonbased-dev/BaseAppShop,https://github.com/brianonbased-dev/BaseAppShop,0,0,TypeScript,brianonbased-dev,postcss.config.mjs
BrennansWave-com/brennanswave,https://github.com/BrennansWave-com/brennanswave,0,1,TypeScript,BrennansWave-com,postcss.config.mjs
Binary-Mindz/agimtula_server,https://github.com/Binary-Mindz/agimtula_server,0,0,TypeScript,Binary-Mindz,eslint.config.mjs
BhavikPatel-dreamz/br-dj,https://github.com/BhavikPatel-dreamz/br-dj,0,0,JavaScript,BhavikPatel-dreamz,vite.config.js
bhavik-dreamz/Pdf-search-based-on-ai-backend,https://github.com/bhavik-dreamz/Pdf-search-based-on-ai-backend,0,0,JavaScript,bhavik-dreamz,routes/chatRoutes.js
Bart3kL/shopify-components,https://github.com/Bart3kL/shopify-components,0,0,TypeScript,Bart3kL,polaris-components/postcss.config.mjs
Barosz30/Portfolio,https://github.com/Barosz30/Portfolio,0,0,TypeScript,Barosz30,tailwind.config.js
badhon252/shift-scheduler,https://github.com/badhon252/shift-scheduler,0,0,TypeScript,badhon252,postcss.config.mjs
ayanmal1k/Sol-Market,https://github.com/ayanmal1k/Sol-Market,0,0,TypeScript,ayanmal1k,postcss.config.mjs
ayanmal1k/DragoPump,https://github.com/ayanmal1k/DragoPump,0,0,TypeScript,ayanmal1k,postcss.config.mjs
Axxi3/ladyfoxx,https://github.com/Axxi3/ladyfoxx,0,0,TypeScript,Axxi3,postcss.config.mjs
Axxi3/hennery,https://github.com/Axxi3/hennery,0,0,TypeScript,Axxi3,postcss.config.mjs
aviel9552/plusfive-frontend,https://github.com/aviel9552/plusfive-frontend,0,0,JavaScript,aviel9552,tailwind.config.js
aviel9552/plusfive-backend,https://github.com/aviel9552/plusfive-backend,0,0,JavaScript,aviel9552,server.js
Atik203/My-Anime-Server,https://github.com/Atik203/My-Anime-Server,0,0,TypeScript,Atik203,eslint.config.mjs
Atik203/My-Anime-Client,https://github.com/Atik203/My-Anime-Client,0,0,TypeScript,Atik203,tailwind.config.js
Atif-Hameed/unsigned-frontend,https://github.com/Atif-Hameed/unsigned-frontend,0,0,JavaScript,Atif-Hameed,postcss.config.mjs
Atif-Hameed/unsigned-admin,https://github.com/Atif-Hameed/unsigned-admin,0,0,JavaScript,Atif-Hameed,postcss.config.mjs
Atif-Hameed/social-admin,https://github.com/Atif-Hameed/social-admin,0,0,JavaScript,Atif-Hameed,postcss.config.mjs
Atif-Hameed/cybenty,https://github.com/Atif-Hameed/cybenty,0,0,JavaScript,Atif-Hameed,postcss.config.mjs
Atif-Hameed/ALS-Panel,https://github.com/Atif-Hameed/ALS-Panel,0,0,JavaScript,Atif-Hameed,postcss.config.mjs
Atif-Hameed/als-admin,https://github.com/Atif-Hameed/als-admin,0,0,JavaScript,Atif-Hameed,postcss.config.mjs
asadullah-kazmi/syncspace,https://github.com/asadullah-kazmi/syncspace,0,0,TypeScript,asadullah-kazmi,frontend/postcss.config.mjs
AronWebSolutionPVTLTD/cycle-races-frontend,https://github.com/AronWebSolutionPVTLTD/cycle-races-frontend,0,0,JavaScript,AronWebSolutionPVTLTD,next.config.mjs
AronWebSolutionPVTLTD/cycle-races-admin,https://github.com/AronWebSolutionPVTLTD/cycle-races-admin,0,0,JavaScript,AronWebSolutionPVTLTD,vite.config.mjs
Arman8957/zenith-be,https://github.com/Arman8957/zenith-be,0,0,TypeScript,Arman8957,eslint.config.mjs
Arman8957/husss-be,https://github.com/Arman8957/husss-be,0,0,TypeScript,Arman8957,eslint.config.mjs
arjunkhetia/NestJS-Swagger-Project,https://github.com/arjunkhetia/NestJS-Swagger-Project,0,0,TypeScript,arjunkhetia,eslint.config.mjs
arjunkhetia/NestJS-PostgreSQL-Project,https://github.com/arjunkhetia/NestJS-PostgreSQL-Project,0,0,JavaScript,arjunkhetia,eslint.config.mjs
arjunkhetia/NestJS-MongoDB-Project,https://github.com/arjunkhetia/NestJS-MongoDB-Project,0,0,JavaScript,arjunkhetia,eslint.config.mjs
arjunkhetia/NestJS-Enterprise-Project,https://github.com/arjunkhetia/NestJS-Enterprise-Project,0,0,TypeScript,arjunkhetia,eslint.config.mjs
arif1101/nextNest,https://github.com/arif1101/nextNest,0,0,TypeScript,arif1101,eslint.config.mjs
arif1101/AadilPay-backend,https://github.com/arif1101/AadilPay-backend,0,0,TypeScript,arif1101,eslint.config.mjs
anthemnandani/ai,https://github.com/anthemnandani/ai,0,0,TypeScript,anthemnandani,postcss.config.mjs
Anthem-InfoTech-Pvt-Ltd/raffily-business-cron,https://github.com/Anthem-InfoTech-Pvt-Ltd/raffily-business-cron,0,0,JavaScript,Anthem-InfoTech-Pvt-Ltd,emailTemplates/raffle-results.js
Anthem-InfoTech-Pvt-Ltd/dashboards,https://github.com/Anthem-InfoTech-Pvt-Ltd/dashboards,0,0,TypeScript,Anthem-InfoTech-Pvt-Ltd,postcss.config.mjs
anilgoswamistartbitsolutions/travel-platform,https://github.com/anilgoswamistartbitsolutions/travel-platform,0,1,TypeScript,anilgoswamistartbitsolutions,sites/holidaydeals/postcss.config.mjs|travel_template/old/postcss.config.mjs|travel_template/package/postcss.config.mjs
anilgoswamistartbitsolutions/travel-payload-sites,https://github.com/anilgoswamistartbitsolutions/travel-payload-sites,0,1,TypeScript,anilgoswamistartbitsolutions,sites/holidaydeals/postcss.config.mjs|sites/luxurytravels/postcss.config.mjs
anilgoswamistartbitsolutions/firebasebase-auth-and-store,https://github.com/anilgoswamistartbitsolutions/firebasebase-auth-and-store,0,0,CSS,anilgoswamistartbitsolutions,eslint.config.mjs
anilgoswamistartbitsolutions/bolt-novel-merry,https://github.com/anilgoswamistartbitsolutions/bolt-novel-merry,0,0,TypeScript,anilgoswamistartbitsolutions,tailwind.config.js
Anees201173/MoreApp_Backend,https://github.com/Anees201173/MoreApp_Backend,0,0,JavaScript,Anees201173,src/app.js
Anas-Ali-3673/CAA,https://github.com/Anas-Ali-3673/CAA,0,0,TypeScript,Anas-Ali-3673,eslint.config.mjs
amit-biswas-1992/joykoly-test-app,https://github.com/amit-biswas-1992/joykoly-test-app,0,0,TypeScript,amit-biswas-1992,tailwind.config.js
AmazingAsim/nextdeals,https://github.com/AmazingAsim/nextdeals,0,0,JavaScript,AmazingAsim,next.config.mjs
AmazingAsim/kabutar,https://github.com/AmazingAsim/kabutar,0,0,JavaScript,AmazingAsim,index.js
Aman-scripts/NugenEmployabilityTest,https://github.com/Aman-scripts/NugenEmployabilityTest,0,0,TypeScript,Aman-scripts,postcss.config.mjs
akashstwt/eth-global-cryptowiki,https://github.com/akashstwt/eth-global-cryptowiki,0,0,TypeScript,akashstwt,postcss.config.mjs
AhsanalyOfficial/ahsan_portfolio,https://github.com/AhsanalyOfficial/ahsan_portfolio,0,1,TypeScript,AhsanalyOfficial,postcss.config.mjs
ahnaafarafee/bionic-seven,https://github.com/ahnaafarafee/bionic-seven,0,0,TypeScript,ahnaafarafee,eslint.config.mjs|postcss.config.mjs
ahmedghonim/esraa,https://github.com/ahmedghonim/esraa,0,0,TypeScript,ahmedghonim,postcss.config.mjs
AhmadRazaKhokhar1/url-shortner-frontend,https://github.com/AhmadRazaKhokhar1/url-shortner-frontend,0,0,TypeScript,AhmadRazaKhokhar1,postcss.config.mjs
ahmadraza382/Ferrano,https://github.com/ahmadraza382/Ferrano,0,0,TypeScript,ahmadraza382,postcss.config.mjs
ahmadraza382/E-commerce-website,https://github.com/ahmadraza382/E-commerce-website,0,0,JavaScript,ahmadraza382,postcss.config.mjs
ahmadraza382/APIs-integration,https://github.com/ahmadraza382/APIs-integration,0,0,TypeScript,ahmadraza382,postcss.config.mjs
adnaan-2/content-generation,https://github.com/adnaan-2/content-generation,0,0,TypeScript,adnaan-2,postcss.config.mjs
Adithyahewage/Salon-demo,https://github.com/Adithyahewage/Salon-demo,0,0,TypeScript,Adithyahewage,postcss.config.mjs
Adithyahewage/portfolio_website,https://github.com/Adithyahewage/portfolio_website,0,0,TypeScript,Adithyahewage,postcss.config.mjs
Adithyahewage/Gym-demo,https://github.com/Adithyahewage/Gym-demo,0,0,TypeScript,Adithyahewage,postcss.config.mjs
Adharshms/builder,https://github.com/Adharshms/builder,0,0,JavaScript,Adharshms,eslint.config.mjs
addygeek/Walmart-Inventory-Clearance-Optimizer,https://github.com/addygeek/Walmart-Inventory-Clearance-Optimizer,0,0,Python,addygeek,frontend/tailwind.config.js
Addis-Career/Frontend,https://github.com/Addis-Career/Frontend,0,1,TypeScript,Addis-Career,postcss.config.mjs
addis-ale/wetruck-shipper,https://github.com/addis-ale/wetruck-shipper,0,0,TypeScript,addis-ale,postcss.config.mjs
addis-ale/hirecards-prod,https://github.com/addis-ale/hirecards-prod,0,0,TypeScript,addis-ale,postcss.config.mjs
addis-ale/group-match,https://github.com/addis-ale/group-match,0,0,TypeScript,addis-ale,postcss.config.mjs
addis-ale/ega_updated,https://github.com/addis-ale/ega_updated,0,0,TypeScript,addis-ale,postcss.config.mjs
addis-ale/discord,https://github.com/addis-ale/discord,0,0,JavaScript,addis-ale,postcss.config.mjs
addis-ale/better-auth-level,https://github.com/addis-ale/better-auth-level,0,0,JavaScript,addis-ale,src/index.ts
addis-ale/25-5-clock,https://github.com/addis-ale/25-5-clock,0,0,TypeScript,addis-ale,postcss.config.mjs
acanaveras/autonomous_5g_slicing,https://github.com/acanaveras/autonomous_5g_slicing,0,0,TypeScript,acanaveras,NeMo-Agent-Toolkit-UI/tailwind.config.js
abimtad/upload_file,https://github.com/abimtad/upload_file,0,1,TypeScript,abimtad,postcss.config.mjs
abimtad/Customer-feedback,https://github.com/abimtad/Customer-feedback,0,0,JavaScript,abimtad,postcss.config.mjs
abdullah2310ishaq/zeebuddy,https://github.com/abdullah2310ishaq/zeebuddy,0,0,TypeScript,abdullah2310ishaq,postcss.config.mjs
abdullah2310ishaq/resposive-doctor-websote,https://github.com/abdullah2310ishaq/resposive-doctor-websote,0,0,JavaScript,abdullah2310ishaq,postcss.config.mjs
abdullah2310ishaq/personal-portfolio,https://github.com/abdullah2310ishaq/personal-portfolio,0,0,TypeScript,abdullah2310ishaq,postcss.config.mjs
abdullah2310ishaq/ecommerce_jewellery_store,https://github.com/abdullah2310ishaq/ecommerce_jewellery_store,0,0,TypeScript,abdullah2310ishaq,postcss.config.mjs
abdullah2310ishaq/afronaut,https://github.com/abdullah2310ishaq/afronaut,0,0,TypeScript,abdullah2310ishaq,postcss.config.mjs
Abdalla1990/generate-questions,https://github.com/Abdalla1990/generate-questions,0,0,JavaScript,Abdalla1990,generate-questions/question-generation/config.js
Abd-elrahmann/profit-backend,https://github.com/Abd-elrahmann/profit-backend,0,0,TypeScript,Abd-elrahmann,eslint.config.mjs
Abd-elrahmann/inestors-backend,https://github.com/Abd-elrahmann/inestors-backend,0,0,JavaScript,Abd-elrahmann,server.js
a-belard/rayyan,https://github.com/a-belard/rayyan,0,0,TypeScript,a-belard,frontend/postcss.config.mjs
213020aumc/nestjs-basics,https://github.com/213020aumc/nestjs-basics,0,0,TypeScript,213020aumc,eslint.config.mjs
01aksh/jobPilotFrontend,https://github.com/01aksh/jobPilotFrontend,0,0,TypeScript,01aksh,tailwind.config.js
